ts,experiment_name,run_id,drift_name,adaptation_name,seed,batch_metrics_path,events_path,run_log_path,n_batches,n_events,mean_acc,mean_f1_macro,mean_precision,mean_recall,final_acc,final_f1_macro,total_wall_sec,total_cpu_sec,peak_rss_mb,retrain_count,retrain_wall_sum_sec,retrain_cpu_sum_sec,retrain_wall_mean_sec,retrain_cpu_mean_sec,retrain_train_n_sum
,cfpb_gradual_sgd,cfpb_company_sudden__none__025059,cfpb_company_sudden,none,42,C:\Poly\Diploma\v2\outputs\20260129_025059__cfpb_gradual_sgd\runs\cfpb_company_sudden__none__025059\batch_metrics.csv,C:\Poly\Diploma\v2\outputs\20260129_025059__cfpb_gradual_sgd\runs\cfpb_company_sudden__none__025059\events.csv,C:\Poly\Diploma\v2\outputs\20260129_025059__cfpb_gradual_sgd\runs\cfpb_company_sudden__none__025059\run.log,35,0,0.5689714285714286,0.3456499354368037,0.4414846410254727,0.33217409915049534,0.514,0.30417973462334597,3.131235361099243,3.109375,,0,0.0,0.0,,,0
,cfpb_gradual_sgd,cfpb_company_sudden__retrain_p1_all_seen_fit__025102,cfpb_company_sudden,retrain_p1_all_seen_fit,42,C:\Poly\Diploma\v2\outputs\20260129_025059__cfpb_gradual_sgd\runs\cfpb_company_sudden__retrain_p1_all_seen_fit__025102\batch_metrics.csv,C:\Poly\Diploma\v2\outputs\20260129_025059__cfpb_gradual_sgd\runs\cfpb_company_sudden__retrain_p1_all_seen_fit__025102\events.csv,C:\Poly\Diploma\v2\outputs\20260129_025059__cfpb_gradual_sgd\runs\cfpb_company_sudden__retrain_p1_all_seen_fit__025102\run.log,35,35,0.5845142857142854,0.3648939553372014,0.5061019827847909,0.34848586703595513,0.554,0.36892027661604615,25.43681788444519,25.390625,,35,22.267677307128906,22.171875,0.6362193516322545,0.6334821428571429,490000
,cfpb_gradual_sgd,cfpb_company_sudden__retrain_p2_all_seen_fit__025128,cfpb_company_sudden,retrain_p2_all_seen_fit,42,C:\Poly\Diploma\v2\outputs\20260129_025059__cfpb_gradual_sgd\runs\cfpb_company_sudden__retrain_p2_all_seen_fit__025128\batch_metrics.csv,C:\Poly\Diploma\v2\outputs\20260129_025059__cfpb_gradual_sgd\runs\cfpb_company_sudden__retrain_p2_all_seen_fit__025128\events.csv,C:\Poly\Diploma\v2\outputs\20260129_025059__cfpb_gradual_sgd\runs\cfpb_company_sudden__retrain_p2_all_seen_fit__025128\run.log,35,17,0.5851999999999998,0.365903061033331,0.5089492883541147,0.34898373604708405,0.554,0.36892027661604615,13.971424341201782,13.875,,17,10.735854148864746,10.625,0.6315208322861615,0.625,238000
,cfpb_gradual_sgd,cfpb_company_sudden__retrain_p4_all_seen_fit__025142,cfpb_company_sudden,retrain_p4_all_seen_fit,42,C:\Poly\Diploma\v2\outputs\20260129_025059__cfpb_gradual_sgd\runs\cfpb_company_sudden__retrain_p4_all_seen_fit__025142\batch_metrics.csv,C:\Poly\Diploma\v2\outputs\20260129_025059__cfpb_gradual_sgd\runs\cfpb_company_sudden__retrain_p4_all_seen_fit__025142\events.csv,C:\Poly\Diploma\v2\outputs\20260129_025059__cfpb_gradual_sgd\runs\cfpb_company_sudden__retrain_p4_all_seen_fit__025142\run.log,35,8,0.5826857142857141,0.3594972695275918,0.4929906643174114,0.34418308065849024,0.546,0.3711751050287589,8.084471225738525,8.03125,,8,4.898690462112427,4.890625,0.6123363077640533,0.611328125,112000
,cfpb_gradual_sgd,cfpb_company_sudden__retrain_p8_all_seen_fit__025150,cfpb_company_sudden,retrain_p8_all_seen_fit,42,C:\Poly\Diploma\v2\outputs\20260129_025059__cfpb_gradual_sgd\runs\cfpb_company_sudden__retrain_p8_all_seen_fit__025150\batch_metrics.csv,C:\Poly\Diploma\v2\outputs\20260129_025059__cfpb_gradual_sgd\runs\cfpb_company_sudden__retrain_p8_all_seen_fit__025150\events.csv,C:\Poly\Diploma\v2\outputs\20260129_025059__cfpb_gradual_sgd\runs\cfpb_company_sudden__retrain_p8_all_seen_fit__025150\run.log,35,4,0.5811428571428572,0.35797204397115123,0.4838355630712752,0.3431456441626156,0.546,0.3711751050287589,5.7820725440979,5.765625,,4,2.633850336074829,2.609375,0.6584625840187073,0.65234375,60000
,cfpb_gradual_sgd,cfpb_company_sudden__retrain_p16_all_seen_fit__025156,cfpb_company_sudden,retrain_p16_all_seen_fit,42,C:\Poly\Diploma\v2\outputs\20260129_025059__cfpb_gradual_sgd\runs\cfpb_company_sudden__retrain_p16_all_seen_fit__025156\batch_metrics.csv,C:\Poly\Diploma\v2\outputs\20260129_025059__cfpb_gradual_sgd\runs\cfpb_company_sudden__retrain_p16_all_seen_fit__025156\events.csv,C:\Poly\Diploma\v2\outputs\20260129_025059__cfpb_gradual_sgd\runs\cfpb_company_sudden__retrain_p16_all_seen_fit__025156\run.log,35,2,0.5797142857142857,0.35865795442490356,0.48020720969310643,0.3424053041244057,0.546,0.3711751050287589,4.940744161605835,4.921875,,2,1.5467987060546875,1.5625,0.7733993530273438,0.78125,34000
,cfpb_gradual_sgd,cfpb_company_sudden__retrain_p1_last_window_wb1_fit__025201,cfpb_company_sudden,retrain_p1_last_window_wb1_fit,42,C:\Poly\Diploma\v2\outputs\20260129_025059__cfpb_gradual_sgd\runs\cfpb_company_sudden__retrain_p1_last_window_wb1_fit__025201\batch_metrics.csv,C:\Poly\Diploma\v2\outputs\20260129_025059__cfpb_gradual_sgd\runs\cfpb_company_sudden__retrain_p1_last_window_wb1_fit__025201\events.csv,C:\Poly\Diploma\v2\outputs\20260129_025059__cfpb_gradual_sgd\runs\cfpb_company_sudden__retrain_p1_last_window_wb1_fit__025201\run.log,35,35,0.526457142857143,0.3297156676270175,0.39368275852536555,0.32024759970197153,0.516,0.2873348497884427,4.211756706237793,4.140625,,35,1.0266447067260742,0.96875,0.029332705906459262,0.027678571428571427,17500
,cfpb_gradual_sgd,cfpb_company_sudden__retrain_p1_last_window_wb1_update__025205,cfpb_company_sudden,retrain_p1_last_window_wb1_update,42,C:\Poly\Diploma\v2\outputs\20260129_025059__cfpb_gradual_sgd\runs\cfpb_company_sudden__retrain_p1_last_window_wb1_update__025205\batch_metrics.csv,C:\Poly\Diploma\v2\outputs\20260129_025059__cfpb_gradual_sgd\runs\cfpb_company_sudden__retrain_p1_last_window_wb1_update__025205\events.csv,C:\Poly\Diploma\v2\outputs\20260129_025059__cfpb_gradual_sgd\runs\cfpb_company_sudden__retrain_p1_last_window_wb1_update__025205\run.log,35,35,0.5782285714285713,0.35210915965192313,0.4664905337213473,0.3392992868743258,0.538,0.33683783451225313,3.955963611602783,3.96875,,35,0.8056190013885498,0.828125,0.023017685753958565,0.023660714285714285,17500
,cfpb_gradual_sgd,cfpb_company_sudden__retrain_p2_last_window_wb2_fit__025209,cfpb_company_sudden,retrain_p2_last_window_wb2_fit,42,C:\Poly\Diploma\v2\outputs\20260129_025059__cfpb_gradual_sgd\runs\cfpb_company_sudden__retrain_p2_last_window_wb2_fit__025209\batch_metrics.csv,C:\Poly\Diploma\v2\outputs\20260129_025059__cfpb_gradual_sgd\runs\cfpb_company_sudden__retrain_p2_last_window_wb2_fit__025209\events.csv,C:\Poly\Diploma\v2\outputs\20260129_025059__cfpb_gradual_sgd\runs\cfpb_company_sudden__retrain_p2_last_window_wb2_fit__025209\run.log,35,17,0.5549142857142857,0.3515996432499392,0.43117505705745857,0.33770221530723327,0.524,0.3688871197079764,4.457282304763794,4.453125,,17,1.1187348365783691,1.140625,0.06580793156343348,0.06709558823529412,17000
,cfpb_gradual_sgd,cfpb_company_sudden__retrain_p2_last_window_wb2_update__025213,cfpb_company_sudden,retrain_p2_last_window_wb2_update,42,C:\Poly\Diploma\v2\outputs\20260129_025059__cfpb_gradual_sgd\runs\cfpb_company_sudden__retrain_p2_last_window_wb2_update__025213\batch_metrics.csv,C:\Poly\Diploma\v2\outputs\20260129_025059__cfpb_gradual_sgd\runs\cfpb_company_sudden__retrain_p2_last_window_wb2_update__025213\events.csv,C:\Poly\Diploma\v2\outputs\20260129_025059__cfpb_gradual_sgd\runs\cfpb_company_sudden__retrain_p2_last_window_wb2_update__025213\run.log,35,17,0.577257142857143,0.35173270209810065,0.46165679778329494,0.33878952885548286,0.552,0.3681870334780026,4.13695764541626,4.09375,,17,0.7513020038604736,0.734375,0.04419423552120433,0.043198529411764705,17000
,cfpb_gradual_sgd,cfpb_company_sudden__retrain_p4_last_window_wb4_fit__025218,cfpb_company_sudden,retrain_p4_last_window_wb4_fit,42,C:\Poly\Diploma\v2\outputs\20260129_025059__cfpb_gradual_sgd\runs\cfpb_company_sudden__retrain_p4_last_window_wb4_fit__025218\batch_metrics.csv,C:\Poly\Diploma\v2\outputs\20260129_025059__cfpb_gradual_sgd\runs\cfpb_company_sudden__retrain_p4_last_window_wb4_fit__025218\events.csv,C:\Poly\Diploma\v2\outputs\20260129_025059__cfpb_gradual_sgd\runs\cfpb_company_sudden__retrain_p4_last_window_wb4_fit__025218\run.log,35,8,0.5670857142857143,0.36132699028821724,0.44799723074021186,0.34698092932566366,0.508,0.3321309195441277,4.035771131515503,3.953125,,8,0.8397669792175293,0.859375,0.10497087240219116,0.107421875,16000
,cfpb_gradual_sgd,cfpb_company_sudden__retrain_p4_last_window_wb4_update__025222,cfpb_company_sudden,retrain_p4_last_window_wb4_update,42,C:\Poly\Diploma\v2\outputs\20260129_025059__cfpb_gradual_sgd\runs\cfpb_company_sudden__retrain_p4_last_window_wb4_update__025222\batch_metrics.csv,C:\Poly\Diploma\v2\outputs\20260129_025059__cfpb_gradual_sgd\runs\cfpb_company_sudden__retrain_p4_last_window_wb4_update__025222\events.csv,C:\Poly\Diploma\v2\outputs\20260129_025059__cfpb_gradual_sgd\runs\cfpb_company_sudden__retrain_p4_last_window_wb4_update__025222\run.log,35,8,0.5739428571428571,0.34773972914813955,0.4601602656450203,0.3350135279244601,0.54,0.3523194461529508,3.8977572917938232,3.875,,8,0.6839878559112549,0.671875,0.08549848198890686,0.083984375,16000
,cfpb_gradual_sgd,cfpb_company_sudden__retrain_p8_last_window_wb8_fit__025226,cfpb_company_sudden,retrain_p8_last_window_wb8_fit,42,C:\Poly\Diploma\v2\outputs\20260129_025059__cfpb_gradual_sgd\runs\cfpb_company_sudden__retrain_p8_last_window_wb8_fit__025226\batch_metrics.csv,C:\Poly\Diploma\v2\outputs\20260129_025059__cfpb_gradual_sgd\runs\cfpb_company_sudden__retrain_p8_last_window_wb8_fit__025226\events.csv,C:\Poly\Diploma\v2\outputs\20260129_025059__cfpb_gradual_sgd\runs\cfpb_company_sudden__retrain_p8_last_window_wb8_fit__025226\run.log,35,4,0.5781714285714287,0.36014715364118244,0.48310816891940717,0.3443866165665751,0.542,0.3696202783525025,4.074932813644409,4.0,,4,0.8302938938140869,0.828125,0.20757347345352173,0.20703125,16000
,cfpb_gradual_sgd,cfpb_company_sudden__retrain_p8_last_window_wb8_update__025230,cfpb_company_sudden,retrain_p8_last_window_wb8_update,42,C:\Poly\Diploma\v2\outputs\20260129_025059__cfpb_gradual_sgd\runs\cfpb_company_sudden__retrain_p8_last_window_wb8_update__025230\batch_metrics.csv,C:\Poly\Diploma\v2\outputs\20260129_025059__cfpb_gradual_sgd\runs\cfpb_company_sudden__retrain_p8_last_window_wb8_update__025230\events.csv,C:\Poly\Diploma\v2\outputs\20260129_025059__cfpb_gradual_sgd\runs\cfpb_company_sudden__retrain_p8_last_window_wb8_update__025230\run.log,35,4,0.5725142857142858,0.34383140823406017,0.46189068973228614,0.3320898150738387,0.534,0.3324951090654941,4.405822992324829,4.390625,,4,0.7982301712036133,0.8125,0.19955754280090332,0.203125,16000
,cfpb_gradual_sgd,cfpb_company_sudden__retrain_p16_last_window_wb16_fit__025234,cfpb_company_sudden,retrain_p16_last_window_wb16_fit,42,C:\Poly\Diploma\v2\outputs\20260129_025059__cfpb_gradual_sgd\runs\cfpb_company_sudden__retrain_p16_last_window_wb16_fit__025234\batch_metrics.csv,C:\Poly\Diploma\v2\outputs\20260129_025059__cfpb_gradual_sgd\runs\cfpb_company_sudden__retrain_p16_last_window_wb16_fit__025234\events.csv,C:\Poly\Diploma\v2\outputs\20260129_025059__cfpb_gradual_sgd\runs\cfpb_company_sudden__retrain_p16_last_window_wb16_fit__025234\run.log,35,2,0.5801142857142857,0.36040732181705354,0.47887148610010866,0.34476443347366753,0.544,0.37404298233732164,4.39546537399292,4.328125,,2,0.8463704586029053,0.796875,0.42318522930145264,0.3984375,16000
,cfpb_gradual_sgd,cfpb_company_sudden__retrain_p16_last_window_wb16_update__025239,cfpb_company_sudden,retrain_p16_last_window_wb16_update,42,C:\Poly\Diploma\v2\outputs\20260129_025059__cfpb_gradual_sgd\runs\cfpb_company_sudden__retrain_p16_last_window_wb16_update__025239\batch_metrics.csv,C:\Poly\Diploma\v2\outputs\20260129_025059__cfpb_gradual_sgd\runs\cfpb_company_sudden__retrain_p16_last_window_wb16_update__025239\events.csv,C:\Poly\Diploma\v2\outputs\20260129_025059__cfpb_gradual_sgd\runs\cfpb_company_sudden__retrain_p16_last_window_wb16_update__025239\run.log,35,2,0.5745142857142858,0.35492678289486673,0.4530444700207298,0.3406745317022289,0.536,0.3396182598310258,4.458037376403809,4.375,,2,0.7999639511108398,0.796875,0.3999819755554199,0.3984375,16000
,cfpb_gradual_sgd,cfpb_company_sudden__quality_drop_acc_th0.02_bk3_ck2_quality_drop_all_seen_fit__025243,cfpb_company_sudden,quality_drop_acc_th0.02_bk3_ck2_quality_drop_all_seen_fit,42,C:\Poly\Diploma\v2\outputs\20260129_025059__cfpb_gradual_sgd\runs\cfpb_company_sudden__quality_drop_acc_th0.02_bk3_ck2_quality_drop_all_seen_fit__025243\batch_metrics.csv,C:\Poly\Diploma\v2\outputs\20260129_025059__cfpb_gradual_sgd\runs\cfpb_company_sudden__quality_drop_acc_th0.02_bk3_ck2_quality_drop_all_seen_fit__025243\events.csv,C:\Poly\Diploma\v2\outputs\20260129_025059__cfpb_gradual_sgd\runs\cfpb_company_sudden__quality_drop_acc_th0.02_bk3_ck2_quality_drop_all_seen_fit__025243\run.log,35,2,0.5789142857142856,0.35567323064670486,0.4753243294243716,0.34139915573200325,0.536,0.3157503139462732,4.746119260787964,4.6875,,2,1.2465765476226807,1.234375,0.6232882738113403,0.6171875,25500
,cfpb_gradual_sgd,cfpb_company_sudden__quality_drop_acc_th0.05_bk3_ck2_quality_drop_all_seen_fit__025248,cfpb_company_sudden,quality_drop_acc_th0.05_bk3_ck2_quality_drop_all_seen_fit,42,C:\Poly\Diploma\v2\outputs\20260129_025059__cfpb_gradual_sgd\runs\cfpb_company_sudden__quality_drop_acc_th0.05_bk3_ck2_quality_drop_all_seen_fit__025248\batch_metrics.csv,C:\Poly\Diploma\v2\outputs\20260129_025059__cfpb_gradual_sgd\runs\cfpb_company_sudden__quality_drop_acc_th0.05_bk3_ck2_quality_drop_all_seen_fit__025248\events.csv,C:\Poly\Diploma\v2\outputs\20260129_025059__cfpb_gradual_sgd\runs\cfpb_company_sudden__quality_drop_acc_th0.05_bk3_ck2_quality_drop_all_seen_fit__025248\run.log,35,2,0.5747428571428572,0.3464780291574138,0.4708175345341457,0.33472534523768016,0.542,0.3624565865822698,5.285707473754883,5.265625,,2,1.7411649227142334,1.734375,0.8705824613571167,0.8671875,32500
,cfpb_gradual_sgd,cfpb_company_sudden__quality_drop_acc_th0.1_bk3_ck2_quality_drop_all_seen_fit__025253,cfpb_company_sudden,quality_drop_acc_th0.1_bk3_ck2_quality_drop_all_seen_fit,42,C:\Poly\Diploma\v2\outputs\20260129_025059__cfpb_gradual_sgd\runs\cfpb_company_sudden__quality_drop_acc_th0.1_bk3_ck2_quality_drop_all_seen_fit__025253\batch_metrics.csv,C:\Poly\Diploma\v2\outputs\20260129_025059__cfpb_gradual_sgd\runs\cfpb_company_sudden__quality_drop_acc_th0.1_bk3_ck2_quality_drop_all_seen_fit__025253\events.csv,C:\Poly\Diploma\v2\outputs\20260129_025059__cfpb_gradual_sgd\runs\cfpb_company_sudden__quality_drop_acc_th0.1_bk3_ck2_quality_drop_all_seen_fit__025253\run.log,35,1,0.5742285714285714,0.344135296052238,0.46829855580659113,0.3330972002582836,0.546,0.3222365336437975,4.181008338928223,4.09375,,1,0.537205696105957,0.546875,0.537205696105957,0.546875,11000
,cfpb_gradual_sgd,cfpb_company_sudden__quality_drop_acc_th0.02_bk3_ck2_quality_drop_last_window_wb1_fit__025258,cfpb_company_sudden,quality_drop_acc_th0.02_bk3_ck2_quality_drop_last_window_wb1_fit,42,C:\Poly\Diploma\v2\outputs\20260129_025059__cfpb_gradual_sgd\runs\cfpb_company_sudden__quality_drop_acc_th0.02_bk3_ck2_quality_drop_last_window_wb1_fit__025258\batch_metrics.csv,C:\Poly\Diploma\v2\outputs\20260129_025059__cfpb_gradual_sgd\runs\cfpb_company_sudden__quality_drop_acc_th0.02_bk3_ck2_quality_drop_last_window_wb1_fit__025258\events.csv,C:\Poly\Diploma\v2\outputs\20260129_025059__cfpb_gradual_sgd\runs\cfpb_company_sudden__quality_drop_acc_th0.02_bk3_ck2_quality_drop_last_window_wb1_fit__025258\run.log,35,2,0.5389714285714285,0.33308568254657334,0.3983751695560742,0.3230737023737842,0.482,0.28316516576750583,3.795964479446411,3.703125,,2,0.07633590698242188,0.078125,0.03816795349121094,0.0390625,1000
,cfpb_gradual_sgd,cfpb_company_sudden__quality_drop_acc_th0.02_bk3_ck2_quality_drop_last_window_wb1_update__025302,cfpb_company_sudden,quality_drop_acc_th0.02_bk3_ck2_quality_drop_last_window_wb1_update,42,C:\Poly\Diploma\v2\outputs\20260129_025059__cfpb_gradual_sgd\runs\cfpb_company_sudden__quality_drop_acc_th0.02_bk3_ck2_quality_drop_last_window_wb1_update__025302\batch_metrics.csv,C:\Poly\Diploma\v2\outputs\20260129_025059__cfpb_gradual_sgd\runs\cfpb_company_sudden__quality_drop_acc_th0.02_bk3_ck2_quality_drop_last_window_wb1_update__025302\events.csv,C:\Poly\Diploma\v2\outputs\20260129_025059__cfpb_gradual_sgd\runs\cfpb_company_sudden__quality_drop_acc_th0.02_bk3_ck2_quality_drop_last_window_wb1_update__025302\run.log,35,2,0.5700571428571427,0.3496072100605552,0.4437425965995075,0.3363934731744458,0.522,0.3173180469737032,3.894554853439331,3.84375,,2,0.04741716384887695,0.0625,0.023708581924438477,0.03125,1000
,cfpb_gradual_sgd,cfpb_company_sudden__quality_drop_acc_th0.05_bk3_ck2_quality_drop_last_window_wb1_fit__025305,cfpb_company_sudden,quality_drop_acc_th0.05_bk3_ck2_quality_drop_last_window_wb1_fit,42,C:\Poly\Diploma\v2\outputs\20260129_025059__cfpb_gradual_sgd\runs\cfpb_company_sudden__quality_drop_acc_th0.05_bk3_ck2_quality_drop_last_window_wb1_fit__025305\batch_metrics.csv,C:\Poly\Diploma\v2\outputs\20260129_025059__cfpb_gradual_sgd\runs\cfpb_company_sudden__quality_drop_acc_th0.05_bk3_ck2_quality_drop_last_window_wb1_fit__025305\events.csv,C:\Poly\Diploma\v2\outputs\20260129_025059__cfpb_gradual_sgd\runs\cfpb_company_sudden__quality_drop_acc_th0.05_bk3_ck2_quality_drop_last_window_wb1_fit__025305\run.log,35,1,0.5382285714285714,0.3257894768516137,0.39736645271175014,0.31515447599827096,0.482,0.29893988457381576,3.1182005405426025,3.09375,,1,0.028518199920654297,0.03125,0.028518199920654297,0.03125,500
,cfpb_gradual_sgd,cfpb_company_sudden__quality_drop_acc_th0.05_bk3_ck2_quality_drop_last_window_wb1_update__025309,cfpb_company_sudden,quality_drop_acc_th0.05_bk3_ck2_quality_drop_last_window_wb1_update,42,C:\Poly\Diploma\v2\outputs\20260129_025059__cfpb_gradual_sgd\runs\cfpb_company_sudden__quality_drop_acc_th0.05_bk3_ck2_quality_drop_last_window_wb1_update__025309\batch_metrics.csv,C:\Poly\Diploma\v2\outputs\20260129_025059__cfpb_gradual_sgd\runs\cfpb_company_sudden__quality_drop_acc_th0.05_bk3_ck2_quality_drop_last_window_wb1_update__025309\events.csv,C:\Poly\Diploma\v2\outputs\20260129_025059__cfpb_gradual_sgd\runs\cfpb_company_sudden__quality_drop_acc_th0.05_bk3_ck2_quality_drop_last_window_wb1_update__025309\run.log,35,2,0.5678285714285713,0.34676951237610776,0.44197885161584133,0.33308465996790393,0.532,0.3275248862031839,3.169837474822998,3.140625,,2,0.04893946647644043,0.046875,0.024469733238220215,0.0234375,1000
,cfpb_gradual_sgd,cfpb_company_sudden__quality_drop_acc_th0.1_bk3_ck2_quality_drop_last_window_wb1_fit__025312,cfpb_company_sudden,quality_drop_acc_th0.1_bk3_ck2_quality_drop_last_window_wb1_fit,42,C:\Poly\Diploma\v2\outputs\20260129_025059__cfpb_gradual_sgd\runs\cfpb_company_sudden__quality_drop_acc_th0.1_bk3_ck2_quality_drop_last_window_wb1_fit__025312\batch_metrics.csv,C:\Poly\Diploma\v2\outputs\20260129_025059__cfpb_gradual_sgd\runs\cfpb_company_sudden__quality_drop_acc_th0.1_bk3_ck2_quality_drop_last_window_wb1_fit__025312\events.csv,C:\Poly\Diploma\v2\outputs\20260129_025059__cfpb_gradual_sgd\runs\cfpb_company_sudden__quality_drop_acc_th0.1_bk3_ck2_quality_drop_last_window_wb1_fit__025312\run.log,35,1,0.5382285714285714,0.3257894768516137,0.39736645271175014,0.31515447599827096,0.482,0.29893988457381576,3.1653637886047363,3.15625,,1,0.02899789810180664,0.03125,0.02899789810180664,0.03125,500
,cfpb_gradual_sgd,cfpb_company_sudden__quality_drop_acc_th0.1_bk3_ck2_quality_drop_last_window_wb1_update__025315,cfpb_company_sudden,quality_drop_acc_th0.1_bk3_ck2_quality_drop_last_window_wb1_update,42,C:\Poly\Diploma\v2\outputs\20260129_025059__cfpb_gradual_sgd\runs\cfpb_company_sudden__quality_drop_acc_th0.1_bk3_ck2_quality_drop_last_window_wb1_update__025315\batch_metrics.csv,C:\Poly\Diploma\v2\outputs\20260129_025059__cfpb_gradual_sgd\runs\cfpb_company_sudden__quality_drop_acc_th0.1_bk3_ck2_quality_drop_last_window_wb1_update__025315\events.csv,C:\Poly\Diploma\v2\outputs\20260129_025059__cfpb_gradual_sgd\runs\cfpb_company_sudden__quality_drop_acc_th0.1_bk3_ck2_quality_drop_last_window_wb1_update__025315\run.log,35,1,0.5670285714285714,0.34571519023180947,0.4400505694850387,0.3319999037113154,0.52,0.31502450191996406,3.4661922454833984,3.453125,,1,0.03106522560119629,0.03125,0.03106522560119629,0.03125,500
,cfpb_gradual_sgd,cfpb_company_sudden__quality_drop_acc_th0.02_bk3_ck2_quality_drop_last_window_wb2_fit__025319,cfpb_company_sudden,quality_drop_acc_th0.02_bk3_ck2_quality_drop_last_window_wb2_fit,42,C:\Poly\Diploma\v2\outputs\20260129_025059__cfpb_gradual_sgd\runs\cfpb_company_sudden__quality_drop_acc_th0.02_bk3_ck2_quality_drop_last_window_wb2_fit__025319\batch_metrics.csv,C:\Poly\Diploma\v2\outputs\20260129_025059__cfpb_gradual_sgd\runs\cfpb_company_sudden__quality_drop_acc_th0.02_bk3_ck2_quality_drop_last_window_wb2_fit__025319\events.csv,C:\Poly\Diploma\v2\outputs\20260129_025059__cfpb_gradual_sgd\runs\cfpb_company_sudden__quality_drop_acc_th0.02_bk3_ck2_quality_drop_last_window_wb2_fit__025319\run.log,35,2,0.5591428571428573,0.36491936776281764,0.4435939192178126,0.3473580451361984,0.512,0.33565396619678173,3.2182204723358154,3.203125,,2,0.11600041389465332,0.125,0.05800020694732666,0.0625,2000
,cfpb_gradual_sgd,cfpb_company_sudden__quality_drop_acc_th0.02_bk3_ck2_quality_drop_last_window_wb2_update__025322,cfpb_company_sudden,quality_drop_acc_th0.02_bk3_ck2_quality_drop_last_window_wb2_update,42,C:\Poly\Diploma\v2\outputs\20260129_025059__cfpb_gradual_sgd\runs\cfpb_company_sudden__quality_drop_acc_th0.02_bk3_ck2_quality_drop_last_window_wb2_update__025322\batch_metrics.csv,C:\Poly\Diploma\v2\outputs\20260129_025059__cfpb_gradual_sgd\runs\cfpb_company_sudden__quality_drop_acc_th0.02_bk3_ck2_quality_drop_last_window_wb2_update__025322\events.csv,C:\Poly\Diploma\v2\outputs\20260129_025059__cfpb_gradual_sgd\runs\cfpb_company_sudden__quality_drop_acc_th0.02_bk3_ck2_quality_drop_last_window_wb2_update__025322\run.log,35,2,0.5692571428571427,0.3429516751901205,0.4451871670717787,0.33064951316555163,0.52,0.3054669887278583,3.179253101348877,3.1875,,2,0.08899855613708496,0.09375,0.04449927806854248,0.046875,2000
,cfpb_gradual_sgd,cfpb_company_sudden__quality_drop_acc_th0.05_bk3_ck2_quality_drop_last_window_wb2_fit__025325,cfpb_company_sudden,quality_drop_acc_th0.05_bk3_ck2_quality_drop_last_window_wb2_fit,42,C:\Poly\Diploma\v2\outputs\20260129_025059__cfpb_gradual_sgd\runs\cfpb_company_sudden__quality_drop_acc_th0.05_bk3_ck2_quality_drop_last_window_wb2_fit__025325\batch_metrics.csv,C:\Poly\Diploma\v2\outputs\20260129_025059__cfpb_gradual_sgd\runs\cfpb_company_sudden__quality_drop_acc_th0.05_bk3_ck2_quality_drop_last_window_wb2_fit__025325\events.csv,C:\Poly\Diploma\v2\outputs\20260129_025059__cfpb_gradual_sgd\runs\cfpb_company_sudden__quality_drop_acc_th0.05_bk3_ck2_quality_drop_last_window_wb2_fit__025325\run.log,35,2,0.5591428571428573,0.36491936776281764,0.4435939192178126,0.3473580451361984,0.512,0.33565396619678173,3.258776903152466,3.234375,,2,0.12099742889404297,0.125,0.060498714447021484,0.0625,2000
,cfpb_gradual_sgd,cfpb_company_sudden__quality_drop_acc_th0.05_bk3_ck2_quality_drop_last_window_wb2_update__025328,cfpb_company_sudden,quality_drop_acc_th0.05_bk3_ck2_quality_drop_last_window_wb2_update,42,C:\Poly\Diploma\v2\outputs\20260129_025059__cfpb_gradual_sgd\runs\cfpb_company_sudden__quality_drop_acc_th0.05_bk3_ck2_quality_drop_last_window_wb2_update__025328\batch_metrics.csv,C:\Poly\Diploma\v2\outputs\20260129_025059__cfpb_gradual_sgd\runs\cfpb_company_sudden__quality_drop_acc_th0.05_bk3_ck2_quality_drop_last_window_wb2_update__025328\events.csv,C:\Poly\Diploma\v2\outputs\20260129_025059__cfpb_gradual_sgd\runs\cfpb_company_sudden__quality_drop_acc_th0.05_bk3_ck2_quality_drop_last_window_wb2_update__025328\run.log,35,2,0.569142857142857,0.3468684216575227,0.4448510973226486,0.3327767730022198,0.54,0.36237527904194566,3.1489417552948,3.140625,,2,0.09191370010375977,0.09375,0.04595685005187988,0.046875,2000
,cfpb_gradual_sgd,cfpb_company_sudden__quality_drop_acc_th0.1_bk3_ck2_quality_drop_last_window_wb2_fit__025332,cfpb_company_sudden,quality_drop_acc_th0.1_bk3_ck2_quality_drop_last_window_wb2_fit,42,C:\Poly\Diploma\v2\outputs\20260129_025059__cfpb_gradual_sgd\runs\cfpb_company_sudden__quality_drop_acc_th0.1_bk3_ck2_quality_drop_last_window_wb2_fit__025332\batch_metrics.csv,C:\Poly\Diploma\v2\outputs\20260129_025059__cfpb_gradual_sgd\runs\cfpb_company_sudden__quality_drop_acc_th0.1_bk3_ck2_quality_drop_last_window_wb2_fit__025332\events.csv,C:\Poly\Diploma\v2\outputs\20260129_025059__cfpb_gradual_sgd\runs\cfpb_company_sudden__quality_drop_acc_th0.1_bk3_ck2_quality_drop_last_window_wb2_fit__025332\run.log,35,1,0.5568,0.3615229557728748,0.44812606999427007,0.34501620716505593,0.512,0.3489036669425305,3.4402904510498047,3.390625,,1,0.06000041961669922,0.0625,0.06000041961669922,0.0625,1000
,cfpb_gradual_sgd,cfpb_company_sudden__quality_drop_acc_th0.1_bk3_ck2_quality_drop_last_window_wb2_update__025335,cfpb_company_sudden,quality_drop_acc_th0.1_bk3_ck2_quality_drop_last_window_wb2_update,42,C:\Poly\Diploma\v2\outputs\20260129_025059__cfpb_gradual_sgd\runs\cfpb_company_sudden__quality_drop_acc_th0.1_bk3_ck2_quality_drop_last_window_wb2_update__025335\batch_metrics.csv,C:\Poly\Diploma\v2\outputs\20260129_025059__cfpb_gradual_sgd\runs\cfpb_company_sudden__quality_drop_acc_th0.1_bk3_ck2_quality_drop_last_window_wb2_update__025335\events.csv,C:\Poly\Diploma\v2\outputs\20260129_025059__cfpb_gradual_sgd\runs\cfpb_company_sudden__quality_drop_acc_th0.1_bk3_ck2_quality_drop_last_window_wb2_update__025335\run.log,35,1,0.5680571428571427,0.343987944392479,0.4438678175520378,0.33009983436301854,0.528,0.32358455805978553,3.154374837875366,3.109375,,1,0.04699969291687012,0.046875,0.04699969291687012,0.046875,1000
,cfpb_gradual_sgd,cfpb_company_sudden__quality_drop_acc_th0.02_bk3_ck2_quality_drop_last_window_wb4_fit__025338,cfpb_company_sudden,quality_drop_acc_th0.02_bk3_ck2_quality_drop_last_window_wb4_fit,42,C:\Poly\Diploma\v2\outputs\20260129_025059__cfpb_gradual_sgd\runs\cfpb_company_sudden__quality_drop_acc_th0.02_bk3_ck2_quality_drop_last_window_wb4_fit__025338\batch_metrics.csv,C:\Poly\Diploma\v2\outputs\20260129_025059__cfpb_gradual_sgd\runs\cfpb_company_sudden__quality_drop_acc_th0.02_bk3_ck2_quality_drop_last_window_wb4_fit__025338\events.csv,C:\Poly\Diploma\v2\outputs\20260129_025059__cfpb_gradual_sgd\runs\cfpb_company_sudden__quality_drop_acc_th0.02_bk3_ck2_quality_drop_last_window_wb4_fit__025338\run.log,35,2,0.5707428571428571,0.37609340268020386,0.4501873037164751,0.3603669848252241,0.538,0.413686660033692,3.290759563446045,3.25,,2,0.20688915252685547,0.21875,0.10344457626342773,0.109375,4000
,cfpb_gradual_sgd,cfpb_company_sudden__quality_drop_acc_th0.02_bk3_ck2_quality_drop_last_window_wb4_update__025342,cfpb_company_sudden,quality_drop_acc_th0.02_bk3_ck2_quality_drop_last_window_wb4_update,42,C:\Poly\Diploma\v2\outputs\20260129_025059__cfpb_gradual_sgd\runs\cfpb_company_sudden__quality_drop_acc_th0.02_bk3_ck2_quality_drop_last_window_wb4_update__025342\batch_metrics.csv,C:\Poly\Diploma\v2\outputs\20260129_025059__cfpb_gradual_sgd\runs\cfpb_company_sudden__quality_drop_acc_th0.02_bk3_ck2_quality_drop_last_window_wb4_update__025342\events.csv,C:\Poly\Diploma\v2\outputs\20260129_025059__cfpb_gradual_sgd\runs\cfpb_company_sudden__quality_drop_acc_th0.02_bk3_ck2_quality_drop_last_window_wb4_update__025342\run.log,35,2,0.5718285714285712,0.34580219767571885,0.45372533438468615,0.3334613726987786,0.532,0.32297442371654156,3.2554142475128174,3.203125,,2,0.1699974536895752,0.15625,0.0849987268447876,0.078125,4000
,cfpb_gradual_sgd,cfpb_company_sudden__quality_drop_acc_th0.05_bk3_ck2_quality_drop_last_window_wb4_fit__025345,cfpb_company_sudden,quality_drop_acc_th0.05_bk3_ck2_quality_drop_last_window_wb4_fit,42,C:\Poly\Diploma\v2\outputs\20260129_025059__cfpb_gradual_sgd\runs\cfpb_company_sudden__quality_drop_acc_th0.05_bk3_ck2_quality_drop_last_window_wb4_fit__025345\batch_metrics.csv,C:\Poly\Diploma\v2\outputs\20260129_025059__cfpb_gradual_sgd\runs\cfpb_company_sudden__quality_drop_acc_th0.05_bk3_ck2_quality_drop_last_window_wb4_fit__025345\events.csv,C:\Poly\Diploma\v2\outputs\20260129_025059__cfpb_gradual_sgd\runs\cfpb_company_sudden__quality_drop_acc_th0.05_bk3_ck2_quality_drop_last_window_wb4_fit__025345\run.log,35,1,0.5620571428571429,0.3468414275280073,0.43610032392475134,0.3358780109308013,0.522,0.3442575157705036,3.2921814918518066,3.265625,,1,0.10014224052429199,0.09375,0.10014224052429199,0.09375,2000
,cfpb_gradual_sgd,cfpb_company_sudden__quality_drop_acc_th0.05_bk3_ck2_quality_drop_last_window_wb4_update__025348,cfpb_company_sudden,quality_drop_acc_th0.05_bk3_ck2_quality_drop_last_window_wb4_update,42,C:\Poly\Diploma\v2\outputs\20260129_025059__cfpb_gradual_sgd\runs\cfpb_company_sudden__quality_drop_acc_th0.05_bk3_ck2_quality_drop_last_window_wb4_update__025348\batch_metrics.csv,C:\Poly\Diploma\v2\outputs\20260129_025059__cfpb_gradual_sgd\runs\cfpb_company_sudden__quality_drop_acc_th0.05_bk3_ck2_quality_drop_last_window_wb4_update__025348\events.csv,C:\Poly\Diploma\v2\outputs\20260129_025059__cfpb_gradual_sgd\runs\cfpb_company_sudden__quality_drop_acc_th0.05_bk3_ck2_quality_drop_last_window_wb4_update__025348\run.log,35,2,0.5702285714285713,0.3433941112667843,0.45112912935244304,0.3308930950765325,0.538,0.35138429708482516,3.5697758197784424,3.546875,,2,0.16656041145324707,0.171875,0.08328020572662354,0.0859375,4000
,cfpb_gradual_sgd,cfpb_company_sudden__quality_drop_acc_th0.1_bk3_ck2_quality_drop_last_window_wb4_fit__025352,cfpb_company_sudden,quality_drop_acc_th0.1_bk3_ck2_quality_drop_last_window_wb4_fit,42,C:\Poly\Diploma\v2\outputs\20260129_025059__cfpb_gradual_sgd\runs\cfpb_company_sudden__quality_drop_acc_th0.1_bk3_ck2_quality_drop_last_window_wb4_fit__025352\batch_metrics.csv,C:\Poly\Diploma\v2\outputs\20260129_025059__cfpb_gradual_sgd\runs\cfpb_company_sudden__quality_drop_acc_th0.1_bk3_ck2_quality_drop_last_window_wb4_fit__025352\events.csv,C:\Poly\Diploma\v2\outputs\20260129_025059__cfpb_gradual_sgd\runs\cfpb_company_sudden__quality_drop_acc_th0.1_bk3_ck2_quality_drop_last_window_wb4_fit__025352\run.log,35,1,0.5620571428571429,0.3468414275280073,0.43610032392475134,0.3358780109308013,0.522,0.3442575157705036,3.508823871612549,3.484375,,1,0.10099983215332031,0.109375,0.10099983215332031,0.109375,2000
,cfpb_gradual_sgd,cfpb_company_sudden__quality_drop_acc_th0.1_bk3_ck2_quality_drop_last_window_wb4_update__025355,cfpb_company_sudden,quality_drop_acc_th0.1_bk3_ck2_quality_drop_last_window_wb4_update,42,C:\Poly\Diploma\v2\outputs\20260129_025059__cfpb_gradual_sgd\runs\cfpb_company_sudden__quality_drop_acc_th0.1_bk3_ck2_quality_drop_last_window_wb4_update__025355\batch_metrics.csv,C:\Poly\Diploma\v2\outputs\20260129_025059__cfpb_gradual_sgd\runs\cfpb_company_sudden__quality_drop_acc_th0.1_bk3_ck2_quality_drop_last_window_wb4_update__025355\events.csv,C:\Poly\Diploma\v2\outputs\20260129_025059__cfpb_gradual_sgd\runs\cfpb_company_sudden__quality_drop_acc_th0.1_bk3_ck2_quality_drop_last_window_wb4_update__025355\run.log,35,1,0.5692571428571428,0.340845885916426,0.44992848188954204,0.3290738546337716,0.524,0.30942888649898365,3.162757158279419,3.140625,,1,0.0820016860961914,0.09375,0.0820016860961914,0.09375,2000
,cfpb_gradual_sgd,cfpb_company_sudden__quality_drop_acc_th0.02_bk3_ck2_quality_drop_last_window_wb8_fit__025359,cfpb_company_sudden,quality_drop_acc_th0.02_bk3_ck2_quality_drop_last_window_wb8_fit,42,C:\Poly\Diploma\v2\outputs\20260129_025059__cfpb_gradual_sgd\runs\cfpb_company_sudden__quality_drop_acc_th0.02_bk3_ck2_quality_drop_last_window_wb8_fit__025359\batch_metrics.csv,C:\Poly\Diploma\v2\outputs\20260129_025059__cfpb_gradual_sgd\runs\cfpb_company_sudden__quality_drop_acc_th0.02_bk3_ck2_quality_drop_last_window_wb8_fit__025359\events.csv,C:\Poly\Diploma\v2\outputs\20260129_025059__cfpb_gradual_sgd\runs\cfpb_company_sudden__quality_drop_acc_th0.02_bk3_ck2_quality_drop_last_window_wb8_fit__025359\run.log,35,2,0.5811428571428572,0.37626081077818585,0.4889849214868975,0.3570932102460783,0.556,0.3828647402078749,3.4900856018066406,3.484375,,2,0.38953161239624023,0.375,0.19476580619812012,0.1875,8000
,cfpb_gradual_sgd,cfpb_company_sudden__quality_drop_acc_th0.02_bk3_ck2_quality_drop_last_window_wb8_update__025402,cfpb_company_sudden,quality_drop_acc_th0.02_bk3_ck2_quality_drop_last_window_wb8_update,42,C:\Poly\Diploma\v2\outputs\20260129_025059__cfpb_gradual_sgd\runs\cfpb_company_sudden__quality_drop_acc_th0.02_bk3_ck2_quality_drop_last_window_wb8_update__025402\batch_metrics.csv,C:\Poly\Diploma\v2\outputs\20260129_025059__cfpb_gradual_sgd\runs\cfpb_company_sudden__quality_drop_acc_th0.02_bk3_ck2_quality_drop_last_window_wb8_update__025402\events.csv,C:\Poly\Diploma\v2\outputs\20260129_025059__cfpb_gradual_sgd\runs\cfpb_company_sudden__quality_drop_acc_th0.02_bk3_ck2_quality_drop_last_window_wb8_update__025402\run.log,35,2,0.5717142857142858,0.3406512569078791,0.4665076262010749,0.32836821844794684,0.528,0.3052545826998188,3.855403184890747,3.84375,,2,0.3826112747192383,0.375,0.19130563735961914,0.1875,8000
,cfpb_gradual_sgd,cfpb_company_sudden__quality_drop_acc_th0.05_bk3_ck2_quality_drop_last_window_wb8_fit__025406,cfpb_company_sudden,quality_drop_acc_th0.05_bk3_ck2_quality_drop_last_window_wb8_fit,42,C:\Poly\Diploma\v2\outputs\20260129_025059__cfpb_gradual_sgd\runs\cfpb_company_sudden__quality_drop_acc_th0.05_bk3_ck2_quality_drop_last_window_wb8_fit__025406\batch_metrics.csv,C:\Poly\Diploma\v2\outputs\20260129_025059__cfpb_gradual_sgd\runs\cfpb_company_sudden__quality_drop_acc_th0.05_bk3_ck2_quality_drop_last_window_wb8_fit__025406\events.csv,C:\Poly\Diploma\v2\outputs\20260129_025059__cfpb_gradual_sgd\runs\cfpb_company_sudden__quality_drop_acc_th0.05_bk3_ck2_quality_drop_last_window_wb8_fit__025406\run.log,35,1,0.5708,0.345721598635144,0.45795998272054167,0.33441329884741666,0.526,0.33243233520149046,3.289865493774414,3.265625,,1,0.1809227466583252,0.1875,0.1809227466583252,0.1875,4000
,cfpb_gradual_sgd,cfpb_company_sudden__quality_drop_acc_th0.05_bk3_ck2_quality_drop_last_window_wb8_update__025409,cfpb_company_sudden,quality_drop_acc_th0.05_bk3_ck2_quality_drop_last_window_wb8_update,42,C:\Poly\Diploma\v2\outputs\20260129_025059__cfpb_gradual_sgd\runs\cfpb_company_sudden__quality_drop_acc_th0.05_bk3_ck2_quality_drop_last_window_wb8_update__025409\batch_metrics.csv,C:\Poly\Diploma\v2\outputs\20260129_025059__cfpb_gradual_sgd\runs\cfpb_company_sudden__quality_drop_acc_th0.05_bk3_ck2_quality_drop_last_window_wb8_update__025409\events.csv,C:\Poly\Diploma\v2\outputs\20260129_025059__cfpb_gradual_sgd\runs\cfpb_company_sudden__quality_drop_acc_th0.05_bk3_ck2_quality_drop_last_window_wb8_update__025409\run.log,35,2,0.5774857142857144,0.35575266954096835,0.4597661903723567,0.34166012394711304,0.536,0.32903422620139805,3.4042932987213135,3.359375,,2,0.32700395584106445,0.328125,0.16350197792053223,0.1640625,8000
,cfpb_gradual_sgd,cfpb_company_sudden__quality_drop_acc_th0.1_bk3_ck2_quality_drop_last_window_wb8_fit__025413,cfpb_company_sudden,quality_drop_acc_th0.1_bk3_ck2_quality_drop_last_window_wb8_fit,42,C:\Poly\Diploma\v2\outputs\20260129_025059__cfpb_gradual_sgd\runs\cfpb_company_sudden__quality_drop_acc_th0.1_bk3_ck2_quality_drop_last_window_wb8_fit__025413\batch_metrics.csv,C:\Poly\Diploma\v2\outputs\20260129_025059__cfpb_gradual_sgd\runs\cfpb_company_sudden__quality_drop_acc_th0.1_bk3_ck2_quality_drop_last_window_wb8_fit__025413\events.csv,C:\Poly\Diploma\v2\outputs\20260129_025059__cfpb_gradual_sgd\runs\cfpb_company_sudden__quality_drop_acc_th0.1_bk3_ck2_quality_drop_last_window_wb8_fit__025413\run.log,35,1,0.5708,0.345721598635144,0.45795998272054167,0.33441329884741666,0.526,0.33243233520149046,3.304936170578003,3.28125,,1,0.18097472190856934,0.171875,0.18097472190856934,0.171875,4000
,cfpb_gradual_sgd,cfpb_company_sudden__quality_drop_acc_th0.1_bk3_ck2_quality_drop_last_window_wb8_update__025416,cfpb_company_sudden,quality_drop_acc_th0.1_bk3_ck2_quality_drop_last_window_wb8_update,42,C:\Poly\Diploma\v2\outputs\20260129_025059__cfpb_gradual_sgd\runs\cfpb_company_sudden__quality_drop_acc_th0.1_bk3_ck2_quality_drop_last_window_wb8_update__025416\batch_metrics.csv,C:\Poly\Diploma\v2\outputs\20260129_025059__cfpb_gradual_sgd\runs\cfpb_company_sudden__quality_drop_acc_th0.1_bk3_ck2_quality_drop_last_window_wb8_update__025416\events.csv,C:\Poly\Diploma\v2\outputs\20260129_025059__cfpb_gradual_sgd\runs\cfpb_company_sudden__quality_drop_acc_th0.1_bk3_ck2_quality_drop_last_window_wb8_update__025416\run.log,35,1,0.5701714285714284,0.3411121891465617,0.4570393832955385,0.32942915024617875,0.516,0.29630217809565634,3.288780689239502,3.25,,1,0.1520240306854248,0.140625,0.1520240306854248,0.140625,4000
,cfpb_gradual_sgd,cfpb_company_sudden__quality_drop_acc_th0.02_bk3_ck2_quality_drop_last_window_wb16_fit__025420,cfpb_company_sudden,quality_drop_acc_th0.02_bk3_ck2_quality_drop_last_window_wb16_fit,42,C:\Poly\Diploma\v2\outputs\20260129_025059__cfpb_gradual_sgd\runs\cfpb_company_sudden__quality_drop_acc_th0.02_bk3_ck2_quality_drop_last_window_wb16_fit__025420\batch_metrics.csv,C:\Poly\Diploma\v2\outputs\20260129_025059__cfpb_gradual_sgd\runs\cfpb_company_sudden__quality_drop_acc_th0.02_bk3_ck2_quality_drop_last_window_wb16_fit__025420\events.csv,C:\Poly\Diploma\v2\outputs\20260129_025059__cfpb_gradual_sgd\runs\cfpb_company_sudden__quality_drop_acc_th0.02_bk3_ck2_quality_drop_last_window_wb16_fit__025420\run.log,35,2,0.5802285714285713,0.3603285525871409,0.4807786106194119,0.3457705125800201,0.552,0.3663701564691664,4.191303253173828,4.1875,,2,0.8480260372161865,0.84375,0.42401301860809326,0.421875,19000
,cfpb_gradual_sgd,cfpb_company_sudden__quality_drop_acc_th0.02_bk3_ck2_quality_drop_last_window_wb16_update__025424,cfpb_company_sudden,quality_drop_acc_th0.02_bk3_ck2_quality_drop_last_window_wb16_update,42,C:\Poly\Diploma\v2\outputs\20260129_025059__cfpb_gradual_sgd\runs\cfpb_company_sudden__quality_drop_acc_th0.02_bk3_ck2_quality_drop_last_window_wb16_update__025424\batch_metrics.csv,C:\Poly\Diploma\v2\outputs\20260129_025059__cfpb_gradual_sgd\runs\cfpb_company_sudden__quality_drop_acc_th0.02_bk3_ck2_quality_drop_last_window_wb16_update__025424\events.csv,C:\Poly\Diploma\v2\outputs\20260129_025059__cfpb_gradual_sgd\runs\cfpb_company_sudden__quality_drop_acc_th0.02_bk3_ck2_quality_drop_last_window_wb16_update__025424\run.log,35,2,0.5725142857142856,0.3437972928792723,0.46335042582457353,0.3318115837807831,0.538,0.3209405744050609,3.7850828170776367,3.71875,,2,0.7090418338775635,0.703125,0.35452091693878174,0.3515625,19000
,cfpb_gradual_sgd,cfpb_company_sudden__quality_drop_acc_th0.05_bk3_ck2_quality_drop_last_window_wb16_fit__025428,cfpb_company_sudden,quality_drop_acc_th0.05_bk3_ck2_quality_drop_last_window_wb16_fit,42,C:\Poly\Diploma\v2\outputs\20260129_025059__cfpb_gradual_sgd\runs\cfpb_company_sudden__quality_drop_acc_th0.05_bk3_ck2_quality_drop_last_window_wb16_fit__025428\batch_metrics.csv,C:\Poly\Diploma\v2\outputs\20260129_025059__cfpb_gradual_sgd\runs\cfpb_company_sudden__quality_drop_acc_th0.05_bk3_ck2_quality_drop_last_window_wb16_fit__025428\events.csv,C:\Poly\Diploma\v2\outputs\20260129_025059__cfpb_gradual_sgd\runs\cfpb_company_sudden__quality_drop_acc_th0.05_bk3_ck2_quality_drop_last_window_wb16_fit__025428\run.log,35,2,0.5754857142857144,0.3480636285815189,0.4705421265617253,0.336229797320691,0.548,0.3850316014908976,4.260188817977905,4.21875,,2,1.029017686843872,1.03125,0.514508843421936,0.515625,19000
,cfpb_gradual_sgd,cfpb_company_sudden__quality_drop_acc_th0.05_bk3_ck2_quality_drop_last_window_wb16_update__025432,cfpb_company_sudden,quality_drop_acc_th0.05_bk3_ck2_quality_drop_last_window_wb16_update,42,C:\Poly\Diploma\v2\outputs\20260129_025059__cfpb_gradual_sgd\runs\cfpb_company_sudden__quality_drop_acc_th0.05_bk3_ck2_quality_drop_last_window_wb16_update__025432\batch_metrics.csv,C:\Poly\Diploma\v2\outputs\20260129_025059__cfpb_gradual_sgd\runs\cfpb_company_sudden__quality_drop_acc_th0.05_bk3_ck2_quality_drop_last_window_wb16_update__025432\events.csv,C:\Poly\Diploma\v2\outputs\20260129_025059__cfpb_gradual_sgd\runs\cfpb_company_sudden__quality_drop_acc_th0.05_bk3_ck2_quality_drop_last_window_wb16_update__025432\run.log,35,2,0.5729714285714286,0.34400513649797426,0.459645037129474,0.3311647173573337,0.544,0.32674446076725516,3.927870273590088,3.921875,,2,0.7015345096588135,0.71875,0.35076725482940674,0.359375,19000
,cfpb_gradual_sgd,cfpb_company_sudden__quality_drop_acc_th0.1_bk3_ck2_quality_drop_last_window_wb16_fit__025436,cfpb_company_sudden,quality_drop_acc_th0.1_bk3_ck2_quality_drop_last_window_wb16_fit,42,C:\Poly\Diploma\v2\outputs\20260129_025059__cfpb_gradual_sgd\runs\cfpb_company_sudden__quality_drop_acc_th0.1_bk3_ck2_quality_drop_last_window_wb16_fit__025436\batch_metrics.csv,C:\Poly\Diploma\v2\outputs\20260129_025059__cfpb_gradual_sgd\runs\cfpb_company_sudden__quality_drop_acc_th0.1_bk3_ck2_quality_drop_last_window_wb16_fit__025436\events.csv,C:\Poly\Diploma\v2\outputs\20260129_025059__cfpb_gradual_sgd\runs\cfpb_company_sudden__quality_drop_acc_th0.1_bk3_ck2_quality_drop_last_window_wb16_fit__025436\run.log,35,1,0.5742285714285714,0.344135296052238,0.46829855580659113,0.3330972002582836,0.546,0.3222365336437975,3.940413236618042,3.921875,,1,0.47099781036376953,0.453125,0.47099781036376953,0.453125,11000
,cfpb_gradual_sgd,cfpb_company_sudden__quality_drop_acc_th0.1_bk3_ck2_quality_drop_last_window_wb16_update__025440,cfpb_company_sudden,quality_drop_acc_th0.1_bk3_ck2_quality_drop_last_window_wb16_update,42,C:\Poly\Diploma\v2\outputs\20260129_025059__cfpb_gradual_sgd\runs\cfpb_company_sudden__quality_drop_acc_th0.1_bk3_ck2_quality_drop_last_window_wb16_update__025440\batch_metrics.csv,C:\Poly\Diploma\v2\outputs\20260129_025059__cfpb_gradual_sgd\runs\cfpb_company_sudden__quality_drop_acc_th0.1_bk3_ck2_quality_drop_last_window_wb16_update__025440\events.csv,C:\Poly\Diploma\v2\outputs\20260129_025059__cfpb_gradual_sgd\runs\cfpb_company_sudden__quality_drop_acc_th0.1_bk3_ck2_quality_drop_last_window_wb16_update__025440\run.log,35,1,0.5678285714285716,0.3342358999199651,0.45253208127981015,0.3252316266360821,0.524,0.29166444168471356,3.5025436878204346,3.484375,,1,0.38900327682495117,0.390625,0.38900327682495117,0.390625,11000
,cfpb_gradual_sgd,cfpb_company_sudden__drift_detected_ADWIN_all_seen_fit__025443,cfpb_company_sudden,drift_detected_ADWIN_all_seen_fit,42,C:\Poly\Diploma\v2\outputs\20260129_025059__cfpb_gradual_sgd\runs\cfpb_company_sudden__drift_detected_ADWIN_all_seen_fit__025443\batch_metrics.csv,C:\Poly\Diploma\v2\outputs\20260129_025059__cfpb_gradual_sgd\runs\cfpb_company_sudden__drift_detected_ADWIN_all_seen_fit__025443\events.csv,C:\Poly\Diploma\v2\outputs\20260129_025059__cfpb_gradual_sgd\runs\cfpb_company_sudden__drift_detected_ADWIN_all_seen_fit__025443\run.log,35,1,0.5718857142857143,0.3504881711431551,0.45173585838018554,0.3360757652925498,0.546,0.3711751050287589,4.173736095428467,4.171875,,1,0.9315776824951172,0.921875,0.9315776824951172,0.921875,21000
,cfpb_gradual_sgd,cfpb_company_sudden__drift_detected_DDM_all_seen_fit__025448,cfpb_company_sudden,drift_detected_DDM_all_seen_fit,42,C:\Poly\Diploma\v2\outputs\20260129_025059__cfpb_gradual_sgd\runs\cfpb_company_sudden__drift_detected_DDM_all_seen_fit__025448\batch_metrics.csv,C:\Poly\Diploma\v2\outputs\20260129_025059__cfpb_gradual_sgd\runs\cfpb_company_sudden__drift_detected_DDM_all_seen_fit__025448\events.csv,C:\Poly\Diploma\v2\outputs\20260129_025059__cfpb_gradual_sgd\runs\cfpb_company_sudden__drift_detected_DDM_all_seen_fit__025448\run.log,35,0,0.5689714285714286,0.3456499354368037,0.4414846410254727,0.33217409915049534,0.514,0.30417973462334597,3.1116702556610107,3.03125,,0,0.0,0.0,,,0
,cfpb_gradual_sgd,cfpb_company_sudden__drift_detected_PHT_all_seen_fit__025451,cfpb_company_sudden,drift_detected_PHT_all_seen_fit,42,C:\Poly\Diploma\v2\outputs\20260129_025059__cfpb_gradual_sgd\runs\cfpb_company_sudden__drift_detected_PHT_all_seen_fit__025451\batch_metrics.csv,C:\Poly\Diploma\v2\outputs\20260129_025059__cfpb_gradual_sgd\runs\cfpb_company_sudden__drift_detected_PHT_all_seen_fit__025451\events.csv,C:\Poly\Diploma\v2\outputs\20260129_025059__cfpb_gradual_sgd\runs\cfpb_company_sudden__drift_detected_PHT_all_seen_fit__025451\run.log,35,0,0.5689714285714286,0.3456499354368037,0.4414846410254727,0.33217409915049534,0.514,0.30417973462334597,3.439502239227295,3.421875,,0,0.0,0.0,,,0
,cfpb_gradual_sgd,cfpb_company_sudden__drift_detected_ADWIN_last_window_wb1_fit__025454,cfpb_company_sudden,drift_detected_ADWIN_last_window_wb1_fit,42,C:\Poly\Diploma\v2\outputs\20260129_025059__cfpb_gradual_sgd\runs\cfpb_company_sudden__drift_detected_ADWIN_last_window_wb1_fit__025454\batch_metrics.csv,C:\Poly\Diploma\v2\outputs\20260129_025059__cfpb_gradual_sgd\runs\cfpb_company_sudden__drift_detected_ADWIN_last_window_wb1_fit__025454\events.csv,C:\Poly\Diploma\v2\outputs\20260129_025059__cfpb_gradual_sgd\runs\cfpb_company_sudden__drift_detected_ADWIN_last_window_wb1_fit__025454\run.log,35,1,0.5665714285714286,0.3474172659999922,0.4386835578215207,0.3335096978509507,0.49,0.31388533158434573,3.3015036582946777,3.265625,,1,0.03241896629333496,0.03125,0.03241896629333496,0.03125,500
,cfpb_gradual_sgd,cfpb_company_sudden__drift_detected_ADWIN_last_window_wb1_update__025458,cfpb_company_sudden,drift_detected_ADWIN_last_window_wb1_update,42,C:\Poly\Diploma\v2\outputs\20260129_025059__cfpb_gradual_sgd\runs\cfpb_company_sudden__drift_detected_ADWIN_last_window_wb1_update__025458\batch_metrics.csv,C:\Poly\Diploma\v2\outputs\20260129_025059__cfpb_gradual_sgd\runs\cfpb_company_sudden__drift_detected_ADWIN_last_window_wb1_update__025458\events.csv,C:\Poly\Diploma\v2\outputs\20260129_025059__cfpb_gradual_sgd\runs\cfpb_company_sudden__drift_detected_ADWIN_last_window_wb1_update__025458\run.log,35,1,0.5696571428571429,0.3478636227557501,0.44274730428830844,0.33399437528087667,0.528,0.33400272025272026,3.2779366970062256,3.265625,,1,0.02861499786376953,0.03125,0.02861499786376953,0.03125,500
,cfpb_gradual_sgd,cfpb_company_sudden__drift_detected_ADWIN_last_window_wb2_fit__025501,cfpb_company_sudden,drift_detected_ADWIN_last_window_wb2_fit,42,C:\Poly\Diploma\v2\outputs\20260129_025059__cfpb_gradual_sgd\runs\cfpb_company_sudden__drift_detected_ADWIN_last_window_wb2_fit__025501\batch_metrics.csv,C:\Poly\Diploma\v2\outputs\20260129_025059__cfpb_gradual_sgd\runs\cfpb_company_sudden__drift_detected_ADWIN_last_window_wb2_fit__025501\events.csv,C:\Poly\Diploma\v2\outputs\20260129_025059__cfpb_gradual_sgd\runs\cfpb_company_sudden__drift_detected_ADWIN_last_window_wb2_fit__025501\run.log,35,1,0.5689714285714285,0.3504009347287106,0.4407969664971444,0.3370283329015973,0.528,0.370968884699129,3.339962959289551,3.328125,,1,0.06499481201171875,0.0625,0.06499481201171875,0.0625,1000
,cfpb_gradual_sgd,cfpb_company_sudden__drift_detected_ADWIN_last_window_wb2_update__025504,cfpb_company_sudden,drift_detected_ADWIN_last_window_wb2_update,42,C:\Poly\Diploma\v2\outputs\20260129_025059__cfpb_gradual_sgd\runs\cfpb_company_sudden__drift_detected_ADWIN_last_window_wb2_update__025504\batch_metrics.csv,C:\Poly\Diploma\v2\outputs\20260129_025059__cfpb_gradual_sgd\runs\cfpb_company_sudden__drift_detected_ADWIN_last_window_wb2_update__025504\events.csv,C:\Poly\Diploma\v2\outputs\20260129_025059__cfpb_gradual_sgd\runs\cfpb_company_sudden__drift_detected_ADWIN_last_window_wb2_update__025504\run.log,35,1,0.5698285714285715,0.34798950842105125,0.4437556064442445,0.33392545115068994,0.528,0.34100766676050936,3.3702449798583984,3.296875,,1,0.04899787902832031,0.046875,0.04899787902832031,0.046875,1000
,cfpb_gradual_sgd,cfpb_company_sudden__drift_detected_ADWIN_last_window_wb4_fit__025508,cfpb_company_sudden,drift_detected_ADWIN_last_window_wb4_fit,42,C:\Poly\Diploma\v2\outputs\20260129_025059__cfpb_gradual_sgd\runs\cfpb_company_sudden__drift_detected_ADWIN_last_window_wb4_fit__025508\batch_metrics.csv,C:\Poly\Diploma\v2\outputs\20260129_025059__cfpb_gradual_sgd\runs\cfpb_company_sudden__drift_detected_ADWIN_last_window_wb4_fit__025508\events.csv,C:\Poly\Diploma\v2\outputs\20260129_025059__cfpb_gradual_sgd\runs\cfpb_company_sudden__drift_detected_ADWIN_last_window_wb4_fit__025508\run.log,35,1,0.5708571428571428,0.3508162598606441,0.44399053214576695,0.3363854886656592,0.508,0.3321309195441277,3.687816619873047,3.6875,,1,0.10740923881530762,0.109375,0.10740923881530762,0.109375,2000
,cfpb_gradual_sgd,cfpb_company_sudden__drift_detected_ADWIN_last_window_wb4_update__025512,cfpb_company_sudden,drift_detected_ADWIN_last_window_wb4_update,42,C:\Poly\Diploma\v2\outputs\20260129_025059__cfpb_gradual_sgd\runs\cfpb_company_sudden__drift_detected_ADWIN_last_window_wb4_update__025512\batch_metrics.csv,C:\Poly\Diploma\v2\outputs\20260129_025059__cfpb_gradual_sgd\runs\cfpb_company_sudden__drift_detected_ADWIN_last_window_wb4_update__025512\events.csv,C:\Poly\Diploma\v2\outputs\20260129_025059__cfpb_gradual_sgd\runs\cfpb_company_sudden__drift_detected_ADWIN_last_window_wb4_update__025512\run.log,35,1,0.5693714285714286,0.3471624696744958,0.44375690650368316,0.33304870894173705,0.532,0.33669784651190326,3.3280398845672607,3.3125,,1,0.08899950981140137,0.09375,0.08899950981140137,0.09375,2000
,cfpb_gradual_sgd,cfpb_company_sudden__drift_detected_ADWIN_last_window_wb8_fit__025515,cfpb_company_sudden,drift_detected_ADWIN_last_window_wb8_fit,42,C:\Poly\Diploma\v2\outputs\20260129_025059__cfpb_gradual_sgd\runs\cfpb_company_sudden__drift_detected_ADWIN_last_window_wb8_fit__025515\batch_metrics.csv,C:\Poly\Diploma\v2\outputs\20260129_025059__cfpb_gradual_sgd\runs\cfpb_company_sudden__drift_detected_ADWIN_last_window_wb8_fit__025515\events.csv,C:\Poly\Diploma\v2\outputs\20260129_025059__cfpb_gradual_sgd\runs\cfpb_company_sudden__drift_detected_ADWIN_last_window_wb8_fit__025515\run.log,35,1,0.5722285714285715,0.3510002121180576,0.45019432105513396,0.33659134456607104,0.542,0.3696202783525025,3.4460222721099854,3.40625,,1,0.22699689865112305,0.234375,0.22699689865112305,0.234375,4000
,cfpb_gradual_sgd,cfpb_company_sudden__drift_detected_ADWIN_last_window_wb8_update__025518,cfpb_company_sudden,drift_detected_ADWIN_last_window_wb8_update,42,C:\Poly\Diploma\v2\outputs\20260129_025059__cfpb_gradual_sgd\runs\cfpb_company_sudden__drift_detected_ADWIN_last_window_wb8_update__025518\batch_metrics.csv,C:\Poly\Diploma\v2\outputs\20260129_025059__cfpb_gradual_sgd\runs\cfpb_company_sudden__drift_detected_ADWIN_last_window_wb8_update__025518\events.csv,C:\Poly\Diploma\v2\outputs\20260129_025059__cfpb_gradual_sgd\runs\cfpb_company_sudden__drift_detected_ADWIN_last_window_wb8_update__025518\run.log,35,1,0.5694857142857144,0.3464183786466087,0.4453021889984825,0.33266252008441727,0.524,0.3229424715659589,3.4281585216522217,3.421875,,1,0.1688382625579834,0.171875,0.1688382625579834,0.171875,4000
,cfpb_gradual_sgd,cfpb_company_sudden__drift_detected_ADWIN_last_window_wb16_fit__025522,cfpb_company_sudden,drift_detected_ADWIN_last_window_wb16_fit,42,C:\Poly\Diploma\v2\outputs\20260129_025059__cfpb_gradual_sgd\runs\cfpb_company_sudden__drift_detected_ADWIN_last_window_wb16_fit__025522\batch_metrics.csv,C:\Poly\Diploma\v2\outputs\20260129_025059__cfpb_gradual_sgd\runs\cfpb_company_sudden__drift_detected_ADWIN_last_window_wb16_fit__025522\events.csv,C:\Poly\Diploma\v2\outputs\20260129_025059__cfpb_gradual_sgd\runs\cfpb_company_sudden__drift_detected_ADWIN_last_window_wb16_fit__025522\run.log,35,1,0.5724571428571429,0.35149818893162865,0.4499647652071166,0.33666315987867546,0.544,0.37404298233732164,4.317384719848633,4.3125,,1,0.3952052593231201,0.390625,0.3952052593231201,0.390625,8000
,cfpb_gradual_sgd,cfpb_company_sudden__drift_detected_ADWIN_last_window_wb16_update__025526,cfpb_company_sudden,drift_detected_ADWIN_last_window_wb16_update,42,C:\Poly\Diploma\v2\outputs\20260129_025059__cfpb_gradual_sgd\runs\cfpb_company_sudden__drift_detected_ADWIN_last_window_wb16_update__025526\batch_metrics.csv,C:\Poly\Diploma\v2\outputs\20260129_025059__cfpb_gradual_sgd\runs\cfpb_company_sudden__drift_detected_ADWIN_last_window_wb16_update__025526\events.csv,C:\Poly\Diploma\v2\outputs\20260129_025059__cfpb_gradual_sgd\runs\cfpb_company_sudden__drift_detected_ADWIN_last_window_wb16_update__025526\run.log,35,1,0.5707428571428572,0.34874369006554273,0.4461869521990334,0.33494925282440846,0.542,0.3471975651792742,3.5993382930755615,3.5625,,1,0.3410003185272217,0.328125,0.3410003185272217,0.328125,8000
,cfpb_gradual_sgd,cfpb_company_sudden__drift_detected_DDM_last_window_wb1_fit__025530,cfpb_company_sudden,drift_detected_DDM_last_window_wb1_fit,42,C:\Poly\Diploma\v2\outputs\20260129_025059__cfpb_gradual_sgd\runs\cfpb_company_sudden__drift_detected_DDM_last_window_wb1_fit__025530\batch_metrics.csv,C:\Poly\Diploma\v2\outputs\20260129_025059__cfpb_gradual_sgd\runs\cfpb_company_sudden__drift_detected_DDM_last_window_wb1_fit__025530\events.csv,C:\Poly\Diploma\v2\outputs\20260129_025059__cfpb_gradual_sgd\runs\cfpb_company_sudden__drift_detected_DDM_last_window_wb1_fit__025530\run.log,35,0,0.5689714285714286,0.3456499354368037,0.4414846410254727,0.33217409915049534,0.514,0.30417973462334597,3.113152503967285,3.125,,0,0.0,0.0,,,0
,cfpb_gradual_sgd,cfpb_company_sudden__drift_detected_DDM_last_window_wb1_update__025533,cfpb_company_sudden,drift_detected_DDM_last_window_wb1_update,42,C:\Poly\Diploma\v2\outputs\20260129_025059__cfpb_gradual_sgd\runs\cfpb_company_sudden__drift_detected_DDM_last_window_wb1_update__025533\batch_metrics.csv,C:\Poly\Diploma\v2\outputs\20260129_025059__cfpb_gradual_sgd\runs\cfpb_company_sudden__drift_detected_DDM_last_window_wb1_update__025533\events.csv,C:\Poly\Diploma\v2\outputs\20260129_025059__cfpb_gradual_sgd\runs\cfpb_company_sudden__drift_detected_DDM_last_window_wb1_update__025533\run.log,35,0,0.5689714285714286,0.3456499354368037,0.4414846410254727,0.33217409915049534,0.514,0.30417973462334597,3.1316609382629395,3.125,,0,0.0,0.0,,,0
,cfpb_gradual_sgd,cfpb_company_sudden__drift_detected_DDM_last_window_wb2_fit__025536,cfpb_company_sudden,drift_detected_DDM_last_window_wb2_fit,42,C:\Poly\Diploma\v2\outputs\20260129_025059__cfpb_gradual_sgd\runs\cfpb_company_sudden__drift_detected_DDM_last_window_wb2_fit__025536\batch_metrics.csv,C:\Poly\Diploma\v2\outputs\20260129_025059__cfpb_gradual_sgd\runs\cfpb_company_sudden__drift_detected_DDM_last_window_wb2_fit__025536\events.csv,C:\Poly\Diploma\v2\outputs\20260129_025059__cfpb_gradual_sgd\runs\cfpb_company_sudden__drift_detected_DDM_last_window_wb2_fit__025536\run.log,35,0,0.5689714285714286,0.3456499354368037,0.4414846410254727,0.33217409915049534,0.514,0.30417973462334597,3.1441760063171387,3.140625,,0,0.0,0.0,,,0
,cfpb_gradual_sgd,cfpb_company_sudden__drift_detected_DDM_last_window_wb2_update__025539,cfpb_company_sudden,drift_detected_DDM_last_window_wb2_update,42,C:\Poly\Diploma\v2\outputs\20260129_025059__cfpb_gradual_sgd\runs\cfpb_company_sudden__drift_detected_DDM_last_window_wb2_update__025539\batch_metrics.csv,C:\Poly\Diploma\v2\outputs\20260129_025059__cfpb_gradual_sgd\runs\cfpb_company_sudden__drift_detected_DDM_last_window_wb2_update__025539\events.csv,C:\Poly\Diploma\v2\outputs\20260129_025059__cfpb_gradual_sgd\runs\cfpb_company_sudden__drift_detected_DDM_last_window_wb2_update__025539\run.log,35,0,0.5689714285714286,0.3456499354368037,0.4414846410254727,0.33217409915049534,0.514,0.30417973462334597,3.429623603820801,3.421875,,0,0.0,0.0,,,0
,cfpb_gradual_sgd,cfpb_company_sudden__drift_detected_DDM_last_window_wb4_fit__025543,cfpb_company_sudden,drift_detected_DDM_last_window_wb4_fit,42,C:\Poly\Diploma\v2\outputs\20260129_025059__cfpb_gradual_sgd\runs\cfpb_company_sudden__drift_detected_DDM_last_window_wb4_fit__025543\batch_metrics.csv,C:\Poly\Diploma\v2\outputs\20260129_025059__cfpb_gradual_sgd\runs\cfpb_company_sudden__drift_detected_DDM_last_window_wb4_fit__025543\events.csv,C:\Poly\Diploma\v2\outputs\20260129_025059__cfpb_gradual_sgd\runs\cfpb_company_sudden__drift_detected_DDM_last_window_wb4_fit__025543\run.log,35,0,0.5689714285714286,0.3456499354368037,0.4414846410254727,0.33217409915049534,0.514,0.30417973462334597,3.083019971847534,3.046875,,0,0.0,0.0,,,0
,cfpb_gradual_sgd,cfpb_company_sudden__drift_detected_DDM_last_window_wb4_update__025546,cfpb_company_sudden,drift_detected_DDM_last_window_wb4_update,42,C:\Poly\Diploma\v2\outputs\20260129_025059__cfpb_gradual_sgd\runs\cfpb_company_sudden__drift_detected_DDM_last_window_wb4_update__025546\batch_metrics.csv,C:\Poly\Diploma\v2\outputs\20260129_025059__cfpb_gradual_sgd\runs\cfpb_company_sudden__drift_detected_DDM_last_window_wb4_update__025546\events.csv,C:\Poly\Diploma\v2\outputs\20260129_025059__cfpb_gradual_sgd\runs\cfpb_company_sudden__drift_detected_DDM_last_window_wb4_update__025546\run.log,35,0,0.5689714285714286,0.3456499354368037,0.4414846410254727,0.33217409915049534,0.514,0.30417973462334597,3.136030435562134,3.140625,,0,0.0,0.0,,,0
,cfpb_gradual_sgd,cfpb_company_sudden__drift_detected_DDM_last_window_wb8_fit__025549,cfpb_company_sudden,drift_detected_DDM_last_window_wb8_fit,42,C:\Poly\Diploma\v2\outputs\20260129_025059__cfpb_gradual_sgd\runs\cfpb_company_sudden__drift_detected_DDM_last_window_wb8_fit__025549\batch_metrics.csv,C:\Poly\Diploma\v2\outputs\20260129_025059__cfpb_gradual_sgd\runs\cfpb_company_sudden__drift_detected_DDM_last_window_wb8_fit__025549\events.csv,C:\Poly\Diploma\v2\outputs\20260129_025059__cfpb_gradual_sgd\runs\cfpb_company_sudden__drift_detected_DDM_last_window_wb8_fit__025549\run.log,35,0,0.5689714285714286,0.3456499354368037,0.4414846410254727,0.33217409915049534,0.514,0.30417973462334597,3.1838440895080566,3.15625,,0,0.0,0.0,,,0
,cfpb_gradual_sgd,cfpb_company_sudden__drift_detected_DDM_last_window_wb8_update__025552,cfpb_company_sudden,drift_detected_DDM_last_window_wb8_update,42,C:\Poly\Diploma\v2\outputs\20260129_025059__cfpb_gradual_sgd\runs\cfpb_company_sudden__drift_detected_DDM_last_window_wb8_update__025552\batch_metrics.csv,C:\Poly\Diploma\v2\outputs\20260129_025059__cfpb_gradual_sgd\runs\cfpb_company_sudden__drift_detected_DDM_last_window_wb8_update__025552\events.csv,C:\Poly\Diploma\v2\outputs\20260129_025059__cfpb_gradual_sgd\runs\cfpb_company_sudden__drift_detected_DDM_last_window_wb8_update__025552\run.log,35,0,0.5689714285714286,0.3456499354368037,0.4414846410254727,0.33217409915049534,0.514,0.30417973462334597,3.16636061668396,3.15625,,0,0.0,0.0,,,0
,cfpb_gradual_sgd,cfpb_company_sudden__drift_detected_DDM_last_window_wb16_fit__025556,cfpb_company_sudden,drift_detected_DDM_last_window_wb16_fit,42,C:\Poly\Diploma\v2\outputs\20260129_025059__cfpb_gradual_sgd\runs\cfpb_company_sudden__drift_detected_DDM_last_window_wb16_fit__025556\batch_metrics.csv,C:\Poly\Diploma\v2\outputs\20260129_025059__cfpb_gradual_sgd\runs\cfpb_company_sudden__drift_detected_DDM_last_window_wb16_fit__025556\events.csv,C:\Poly\Diploma\v2\outputs\20260129_025059__cfpb_gradual_sgd\runs\cfpb_company_sudden__drift_detected_DDM_last_window_wb16_fit__025556\run.log,35,0,0.5689714285714286,0.3456499354368037,0.4414846410254727,0.33217409915049534,0.514,0.30417973462334597,3.4142661094665527,3.375,,0,0.0,0.0,,,0
,cfpb_gradual_sgd,cfpb_company_sudden__drift_detected_DDM_last_window_wb16_update__025559,cfpb_company_sudden,drift_detected_DDM_last_window_wb16_update,42,C:\Poly\Diploma\v2\outputs\20260129_025059__cfpb_gradual_sgd\runs\cfpb_company_sudden__drift_detected_DDM_last_window_wb16_update__025559\batch_metrics.csv,C:\Poly\Diploma\v2\outputs\20260129_025059__cfpb_gradual_sgd\runs\cfpb_company_sudden__drift_detected_DDM_last_window_wb16_update__025559\events.csv,C:\Poly\Diploma\v2\outputs\20260129_025059__cfpb_gradual_sgd\runs\cfpb_company_sudden__drift_detected_DDM_last_window_wb16_update__025559\run.log,35,0,0.5689714285714286,0.3456499354368037,0.4414846410254727,0.33217409915049534,0.514,0.30417973462334597,3.1707050800323486,3.171875,,0,0.0,0.0,,,0
,cfpb_gradual_sgd,cfpb_company_sudden__drift_detected_PHT_last_window_wb1_fit__025602,cfpb_company_sudden,drift_detected_PHT_last_window_wb1_fit,42,C:\Poly\Diploma\v2\outputs\20260129_025059__cfpb_gradual_sgd\runs\cfpb_company_sudden__drift_detected_PHT_last_window_wb1_fit__025602\batch_metrics.csv,C:\Poly\Diploma\v2\outputs\20260129_025059__cfpb_gradual_sgd\runs\cfpb_company_sudden__drift_detected_PHT_last_window_wb1_fit__025602\events.csv,C:\Poly\Diploma\v2\outputs\20260129_025059__cfpb_gradual_sgd\runs\cfpb_company_sudden__drift_detected_PHT_last_window_wb1_fit__025602\run.log,35,0,0.5689714285714286,0.3456499354368037,0.4414846410254727,0.33217409915049534,0.514,0.30417973462334597,3.133751392364502,3.125,,0,0.0,0.0,,,0
,cfpb_gradual_sgd,cfpb_company_sudden__drift_detected_PHT_last_window_wb1_update__025606,cfpb_company_sudden,drift_detected_PHT_last_window_wb1_update,42,C:\Poly\Diploma\v2\outputs\20260129_025059__cfpb_gradual_sgd\runs\cfpb_company_sudden__drift_detected_PHT_last_window_wb1_update__025606\batch_metrics.csv,C:\Poly\Diploma\v2\outputs\20260129_025059__cfpb_gradual_sgd\runs\cfpb_company_sudden__drift_detected_PHT_last_window_wb1_update__025606\events.csv,C:\Poly\Diploma\v2\outputs\20260129_025059__cfpb_gradual_sgd\runs\cfpb_company_sudden__drift_detected_PHT_last_window_wb1_update__025606\run.log,35,0,0.5689714285714286,0.3456499354368037,0.4414846410254727,0.33217409915049534,0.514,0.30417973462334597,3.0880961418151855,3.078125,,0,0.0,0.0,,,0
,cfpb_gradual_sgd,cfpb_company_sudden__drift_detected_PHT_last_window_wb2_fit__025609,cfpb_company_sudden,drift_detected_PHT_last_window_wb2_fit,42,C:\Poly\Diploma\v2\outputs\20260129_025059__cfpb_gradual_sgd\runs\cfpb_company_sudden__drift_detected_PHT_last_window_wb2_fit__025609\batch_metrics.csv,C:\Poly\Diploma\v2\outputs\20260129_025059__cfpb_gradual_sgd\runs\cfpb_company_sudden__drift_detected_PHT_last_window_wb2_fit__025609\events.csv,C:\Poly\Diploma\v2\outputs\20260129_025059__cfpb_gradual_sgd\runs\cfpb_company_sudden__drift_detected_PHT_last_window_wb2_fit__025609\run.log,35,0,0.5689714285714286,0.3456499354368037,0.4414846410254727,0.33217409915049534,0.514,0.30417973462334597,3.1032450199127197,3.078125,,0,0.0,0.0,,,0
,cfpb_gradual_sgd,cfpb_company_sudden__drift_detected_PHT_last_window_wb2_update__025612,cfpb_company_sudden,drift_detected_PHT_last_window_wb2_update,42,C:\Poly\Diploma\v2\outputs\20260129_025059__cfpb_gradual_sgd\runs\cfpb_company_sudden__drift_detected_PHT_last_window_wb2_update__025612\batch_metrics.csv,C:\Poly\Diploma\v2\outputs\20260129_025059__cfpb_gradual_sgd\runs\cfpb_company_sudden__drift_detected_PHT_last_window_wb2_update__025612\events.csv,C:\Poly\Diploma\v2\outputs\20260129_025059__cfpb_gradual_sgd\runs\cfpb_company_sudden__drift_detected_PHT_last_window_wb2_update__025612\run.log,35,0,0.5689714285714286,0.3456499354368037,0.4414846410254727,0.33217409915049534,0.514,0.30417973462334597,3.376924514770508,3.3125,,0,0.0,0.0,,,0
,cfpb_gradual_sgd,cfpb_company_sudden__drift_detected_PHT_last_window_wb4_fit__025615,cfpb_company_sudden,drift_detected_PHT_last_window_wb4_fit,42,C:\Poly\Diploma\v2\outputs\20260129_025059__cfpb_gradual_sgd\runs\cfpb_company_sudden__drift_detected_PHT_last_window_wb4_fit__025615\batch_metrics.csv,C:\Poly\Diploma\v2\outputs\20260129_025059__cfpb_gradual_sgd\runs\cfpb_company_sudden__drift_detected_PHT_last_window_wb4_fit__025615\events.csv,C:\Poly\Diploma\v2\outputs\20260129_025059__cfpb_gradual_sgd\runs\cfpb_company_sudden__drift_detected_PHT_last_window_wb4_fit__025615\run.log,35,0,0.5689714285714286,0.3456499354368037,0.4414846410254727,0.33217409915049534,0.514,0.30417973462334597,3.1255881786346436,3.109375,,0,0.0,0.0,,,0
,cfpb_gradual_sgd,cfpb_company_sudden__drift_detected_PHT_last_window_wb4_update__025618,cfpb_company_sudden,drift_detected_PHT_last_window_wb4_update,42,C:\Poly\Diploma\v2\outputs\20260129_025059__cfpb_gradual_sgd\runs\cfpb_company_sudden__drift_detected_PHT_last_window_wb4_update__025618\batch_metrics.csv,C:\Poly\Diploma\v2\outputs\20260129_025059__cfpb_gradual_sgd\runs\cfpb_company_sudden__drift_detected_PHT_last_window_wb4_update__025618\events.csv,C:\Poly\Diploma\v2\outputs\20260129_025059__cfpb_gradual_sgd\runs\cfpb_company_sudden__drift_detected_PHT_last_window_wb4_update__025618\run.log,35,0,0.5689714285714286,0.3456499354368037,0.4414846410254727,0.33217409915049534,0.514,0.30417973462334597,3.1226308345794678,3.09375,,0,0.0,0.0,,,0
,cfpb_gradual_sgd,cfpb_company_sudden__drift_detected_PHT_last_window_wb8_fit__025622,cfpb_company_sudden,drift_detected_PHT_last_window_wb8_fit,42,C:\Poly\Diploma\v2\outputs\20260129_025059__cfpb_gradual_sgd\runs\cfpb_company_sudden__drift_detected_PHT_last_window_wb8_fit__025622\batch_metrics.csv,C:\Poly\Diploma\v2\outputs\20260129_025059__cfpb_gradual_sgd\runs\cfpb_company_sudden__drift_detected_PHT_last_window_wb8_fit__025622\events.csv,C:\Poly\Diploma\v2\outputs\20260129_025059__cfpb_gradual_sgd\runs\cfpb_company_sudden__drift_detected_PHT_last_window_wb8_fit__025622\run.log,35,0,0.5689714285714286,0.3456499354368037,0.4414846410254727,0.33217409915049534,0.514,0.30417973462334597,3.077582597732544,3.046875,,0,0.0,0.0,,,0
,cfpb_gradual_sgd,cfpb_company_sudden__drift_detected_PHT_last_window_wb8_update__025625,cfpb_company_sudden,drift_detected_PHT_last_window_wb8_update,42,C:\Poly\Diploma\v2\outputs\20260129_025059__cfpb_gradual_sgd\runs\cfpb_company_sudden__drift_detected_PHT_last_window_wb8_update__025625\batch_metrics.csv,C:\Poly\Diploma\v2\outputs\20260129_025059__cfpb_gradual_sgd\runs\cfpb_company_sudden__drift_detected_PHT_last_window_wb8_update__025625\events.csv,C:\Poly\Diploma\v2\outputs\20260129_025059__cfpb_gradual_sgd\runs\cfpb_company_sudden__drift_detected_PHT_last_window_wb8_update__025625\run.log,35,0,0.5689714285714286,0.3456499354368037,0.4414846410254727,0.33217409915049534,0.514,0.30417973462334597,3.0902769565582275,3.078125,,0,0.0,0.0,,,0
,cfpb_gradual_sgd,cfpb_company_sudden__drift_detected_PHT_last_window_wb16_fit__025628,cfpb_company_sudden,drift_detected_PHT_last_window_wb16_fit,42,C:\Poly\Diploma\v2\outputs\20260129_025059__cfpb_gradual_sgd\runs\cfpb_company_sudden__drift_detected_PHT_last_window_wb16_fit__025628\batch_metrics.csv,C:\Poly\Diploma\v2\outputs\20260129_025059__cfpb_gradual_sgd\runs\cfpb_company_sudden__drift_detected_PHT_last_window_wb16_fit__025628\events.csv,C:\Poly\Diploma\v2\outputs\20260129_025059__cfpb_gradual_sgd\runs\cfpb_company_sudden__drift_detected_PHT_last_window_wb16_fit__025628\run.log,35,0,0.5689714285714286,0.3456499354368037,0.4414846410254727,0.33217409915049534,0.514,0.30417973462334597,3.4455957412719727,3.40625,,0,0.0,0.0,,,0
,cfpb_gradual_sgd,cfpb_company_sudden__drift_detected_PHT_last_window_wb16_update__025631,cfpb_company_sudden,drift_detected_PHT_last_window_wb16_update,42,C:\Poly\Diploma\v2\outputs\20260129_025059__cfpb_gradual_sgd\runs\cfpb_company_sudden__drift_detected_PHT_last_window_wb16_update__025631\batch_metrics.csv,C:\Poly\Diploma\v2\outputs\20260129_025059__cfpb_gradual_sgd\runs\cfpb_company_sudden__drift_detected_PHT_last_window_wb16_update__025631\events.csv,C:\Poly\Diploma\v2\outputs\20260129_025059__cfpb_gradual_sgd\runs\cfpb_company_sudden__drift_detected_PHT_last_window_wb16_update__025631\run.log,35,0,0.5689714285714286,0.3456499354368037,0.4414846410254727,0.33217409915049534,0.514,0.30417973462334597,3.4808592796325684,3.4375,,0,0.0,0.0,,,0
